"","Year","Round","Region Number","Region Name","Seed1","Score1","Team1","Team2","Score2","Seed2"
"1",1985,1,1,"West",1,83,"St Johns","Southern",59,16
"2",1985,1,1,"West",2,81,"VCU","Marshall",65,15
"3",1985,1,1,"West",3,65,"NC State","Nevada",56,14
"4",1985,1,1,"West",4,85,"UNLV","San Diego St",80,13
"5",1985,1,1,"West",5,58,"Washington","Kentucky",65,12
"6",1985,1,1,"West",6,75,"Tulsa","UTEP",79,11
"7",1985,1,1,"West",7,50,"Alabama","Arizona",41,10
"8",1985,1,1,"West",8,54,"Iowa","Arkansas",63,9
"9",1985,1,2,"East",1,68,"Georgetown","Lehigh",43,16
"10",1985,1,2,"East",2,65,"Georgia Tech","Mercer",58,15
"11",1985,1,2,"East",3,76,"Illinois","Northeastern",57,14
"12",1985,1,2,"East",4,59,"Loyola Illinois","Iona",58,13
"13",1985,1,2,"East",5,85,"SMU","Old Dominion",68,12
"14",1985,1,2,"East",6,67,"Georgia","Wichita St",59,11
"15",1985,1,2,"East",7,70,"Syracuse","DePaul",65,10
"16",1985,1,2,"East",8,60,"Temple","Virginia Tech",57,9
"17",1985,1,3,"Midwest",1,96,"Oklahoma","North Carolina A&T",83,16
"18",1985,1,3,"Midwest",2,67,"Memphis","Pennsylvania",55,15
"19",1985,1,3,"Midwest",3,75,"Duke","Pepperdine",62,14
"20",1985,1,3,"Midwest",4,75,"Ohio St","Iowa St",64,13
"21",1985,1,3,"Midwest",5,78,"Louisiana Tech","Pittsburgh",54,12
"22",1985,1,3,"Midwest",6,53,"Texas Tech","Boston College",55,11
"23",1985,1,3,"Midwest",7,70,"UAB","Michigan St",68,10
"24",1985,1,3,"Midwest",8,55,"USC","Illinois St",58,9
"25",1985,1,4,"Southeast",1,59,"Michigan","Fairleigh Dickinson",55,16
"26",1985,1,4,"Southeast",2,76,"North Carolina","Middle Tennessee St",57,15
"27",1985,1,4,"Southeast",3,49,"Kansas","Ohio",38,14
"28",1985,1,4,"Southeast",4,55,"LSU","Navy",78,13
"29",1985,1,4,"Southeast",5,69,"Maryland","Miami Ohio",68,12
"30",1985,1,4,"Southeast",6,58,"Purdue","Auburn",59,11
"31",1985,1,4,"Southeast",7,79,"Notre Dame","Oregon St",70,10
"32",1985,1,4,"Southeast",8,51,"Villanova","Dayton",49,9
"33",1986,1,1,"Southeast",1,75,"Kentucky","Davidson",55,16
"34",1986,1,1,"Southeast",2,68,"Georgia Tech","Marist",53,15
"35",1986,1,1,"Southeast",3,95,"Memphis","Ball St",63,14
"36",1986,1,1,"Southeast",4,75,"Illinois","Fairfield",51,13
"37",1986,1,1,"Southeast",5,97,"Alabama","Xavier",80,12
"38",1986,1,1,"Southeast",6,87,"Purdue","LSU",94,11
"39",1986,1,1,"Southeast",7,62,"Virginia Tech","Villanova",71,10
"40",1986,1,1,"Southeast",8,67,"Western Kentucky","Nebraska",59,9
"41",1986,1,2,"West",1,83,"St Johns","Montana St",74,16
"42",1986,1,2,"West",2,93,"Louisville","Drexel",73,15
"43",1986,1,2,"West",3,84,"North Carolina","Utah",72,14
"44",1986,1,2,"West",4,74,"UNLV","Louisiana Monroe",51,13
"45",1986,1,2,"West",5,69,"Maryland","Pepperdine",64,12
"46",1986,1,2,"West",6,66,"UAB","Missouri",64,11
"47",1986,1,2,"West",7,83,"Bradley","UTEP",65,10
"48",1986,1,2,"West",8,73,"Auburn","Arizona",63,9
"49",1986,1,3,"East",1,85,"Duke","Mississippi Valley St",78,16
"50",1986,1,3,"East",2,101,"Syracuse","Brown",52,15
"51",1986,1,3,"East",3,79,"Indiana","Cleveland St",83,14
"52",1986,1,3,"East",4,80,"Oklahoma","Northeastern",74,13
"53",1986,1,3,"East",5,68,"Virginia","DePaul",72,12
"54",1986,1,3,"East",6,60,"St Josephs","Richmond",59,11
"55",1986,1,3,"East",7,87,"Navy","Tulsa",68,10
"56",1986,1,3,"East",8,72,"Old Dominion","West Virginia",64,9
"57",1986,1,4,"Midwest",1,71,"Kansas","North Carolina A&T",46,16
"58",1986,1,4,"Midwest",2,70,"Michigan","Akron",64,15
"59",1986,1,4,"Midwest",3,83,"Notre Dame","Arkansas Little Rock",90,14
"60",1986,1,4,"Midwest",4,70,"Georgetown","Texas Tech",64,13
"61",1986,1,4,"Midwest",5,72,"Michigan St","Washington",70,12
"62",1986,1,4,"Midwest",6,66,"NC State","Iowa",64,11
"63",1986,1,4,"Midwest",7,81,"Iowa St","Miami Ohio",79,10
"64",1986,1,4,"Midwest",8,50,"Jacksonville","Temple",61,9
"65",1987,1,1,"West",1,95,"UNLV","Idaho St",70,16
"66",1987,1,1,"West",2,99,"Iowa","Santa Clara",76,15
"67",1987,1,1,"West",3,93,"Pittsburgh","Marist",68,14
"68",1987,1,1,"West",4,92,"UCLA","Central Michigan",73,13
"69",1987,1,1,"West",5,60,"Virginia","Wyoming",64,12
"70",1987,1,1,"West",6,74,"Oklahoma","Tulsa",69,11
"71",1987,1,1,"West",7,98,"UTEP","Arizona",91,10
"72",1987,1,1,"West",8,79,"Georgia","Kansas St",82,9
"73",1987,1,2,"Midwest",1,92,"Indiana","Fairfield",58,16
"74",1987,1,2,"Midwest",2,75,"Temple","Southern",56,15
"75",1987,1,2,"Midwest",3,76,"DePaul","Louisiana Tech",62,14
"76",1987,1,2,"Midwest",4,69,"Missouri","Xavier",70,13
"77",1987,1,2,"Midwest",5,58,"Duke","Texas A&M",51,12
"78",1987,1,2,"Midwest",6,57,"St Johns","Wichita St",55,11
"79",1987,1,2,"Midwest",7,79,"Georgia Tech","LSU",85,10
"80",1987,1,2,"Midwest",8,62,"Auburn","San Diego",61,9
"81",1987,1,3,"Southeast",1,75,"Georgetown","Bucknell",53,16
"82",1987,1,3,"Southeast",2,88,"Alabama","North Carolina A&T",71,15
"83",1987,1,3,"Southeast",3,67,"Illinois","Austin Peay",68,14
"84",1987,1,3,"Southeast",4,60,"Clemson","Southwest Missouri St",65,13
"85",1987,1,3,"Southeast",5,66,"Kansas","Houston",55,12
"86",1987,1,3,"Southeast",6,90,"Providence","UAB",68,11
"87",1987,1,3,"Southeast",7,83,"New Orleans","BYU",79,10
"88",1987,1,3,"Southeast",8,77,"Kentucky","Ohio St",91,9
"89",1987,1,4,"East",1,113,"North Carolina","Pennsylvania",82,16
"90",1987,1,4,"East",2,79,"Syracuse","Georgia Southern",73,15
"91",1987,1,4,"East",3,104,"Purdue","Northeastern",95,14
"92",1987,1,4,"East",4,76,"TCU","Marshall",60,13
"93",1987,1,4,"East",5,84,"Notre Dame","Middle Tennessee St",71,12
"94",1987,1,4,"East",6,82,"Florida","NC State",70,11
"95",1987,1,4,"East",7,62,"West Virginia","Western Kentucky",64,10
"96",1987,1,4,"East",8,82,"Navy","Michigan",97,9
"97",1988,1,1,"Midwest",1,94,"Purdue","Fairleigh Dickinson",79,16
"98",1988,1,1,"Midwest",2,108,"Pittsburgh","Eastern Michigan",90,15
"99",1988,1,1,"Midwest",3,75,"NC State","Murray St",78,14
"100",1988,1,1,"Midwest",4,66,"Kansas St","La Salle",53,13
"101",1988,1,1,"Midwest",5,83,"DePaul","Wichita St",62,12
"102",1988,1,1,"Midwest",6,85,"Kansas","Xavier",72,11
"103",1988,1,1,"Midwest",7,80,"Vanderbilt","Utah St",77,10
"104",1988,1,1,"Midwest",8,60,"Baylor","Memphis",75,9
"105",1988,1,2,"East",1,87,"Temple","Lehigh",73,16
"106",1988,1,2,"East",2,85,"Duke","Boston University",69,15
"107",1988,1,2,"East",3,69,"Syracuse","North Carolina A&T",55,14
"108",1988,1,2,"East",4,69,"Indiana","Richmond",72,13
"109",1988,1,2,"East",5,90,"Georgia Tech","Iowa St",78,12
"110",1988,1,2,"East",6,80,"Missouri","Rhode Island",87,11
"111",1988,1,2,"East",7,83,"SMU","Notre Dame",75,10
"112",1988,1,2,"East",8,66,"Georgetown","LSU",63,9
"113",1988,1,3,"West",1,90,"Arizona","Cornell",50,16
"114",1988,1,3,"West",2,83,"North Carolina","North Texas St",65,15
"115",1988,1,3,"West",3,63,"Michigan","Boise St",58,14
"116",1988,1,3,"West",4,54,"UNLV","Southwest Missouri St",50,13
"117",1988,1,3,"West",5,102,"Iowa","Florida St",98,12
"118",1988,1,3,"West",6,62,"Florida","St Johns",59,11
"119",1988,1,3,"West",7,115,"Wyoming","Loyola Marymount",119,10
"120",1988,1,3,"West",8,80,"Seton Hall","UTEP",64,9
"121",1988,1,4,"Southeast",1,94,"Oklahoma","Chattanooga",66,16
"122",1988,1,4,"Southeast",2,99,"Kentucky","Southern",84,15
"123",1988,1,4,"Southeast",3,81,"Illinois","Texas San Antonio",72,14
"124",1988,1,4,"Southeast",4,98,"BYU","Charlotte",92,13
"125",1988,1,4,"Southeast",5,70,"Louisville","Oregon St",61,12
"126",1988,1,4,"Southeast",6,82,"Villanova","Arkansas",74,11
"127",1988,1,4,"Southeast",7,92,"Maryland","Santa Barbara",82,10
"128",1988,1,4,"Southeast",8,90,"Auburn","Bradley",86,9
"129",1989,1,1,"Midwest",1,77,"Illinois","McNeese St",71,16
"130",1989,1,1,"Midwest",2,104,"Syracuse","Bucknell",81,15
"131",1989,1,1,"Midwest",3,85,"Missouri","Creighton",69,14
"132",1989,1,1,"Midwest",4,76,"Louisville","Arkansas Little Rock",71,13
"133",1989,1,1,"Midwest",5,120,"Arkansas","Loyola Marymount",101,12
"134",1989,1,1,"Midwest",6,70,"Georgia Tech","Texas",76,11
"135",1989,1,1,"Midwest",7,46,"Florida","Colorado St",68,10
"136",1989,1,1,"Midwest",8,64,"Pittsburgh","Ball St",68,9
"137",1989,1,2,"Southeast",1,72,"Oklahoma","East Tennessee St",71,16
"138",1989,1,2,"Southeast",2,93,"North Carolina","Southern",79,15
"139",1989,1,2,"Southeast",3,93,"Michigan","Xavier",87,14
"140",1989,1,2,"Southeast",4,83,"Florida St","Middle Tennessee St",97,13
"141",1989,1,2,"Southeast",5,100,"Virginia","Providence",97,12
"142",1989,1,2,"Southeast",6,84,"Alabama","South Alabama",86,11
"143",1989,1,2,"Southeast",7,84,"UCLA","Iowa St",74,10
"144",1989,1,2,"Southeast",8,74,"La Salle","Louisiana Tech",83,9
"145",1989,1,3,"East",1,50,"Georgetown","Princeton",49,16
"146",1989,1,3,"East",2,90,"Duke","South Carolina St",69,15
"147",1989,1,3,"East",3,78,"Stanford","Siena",80,14
"148",1989,1,3,"East",4,87,"Iowa","Rutgers",73,13
"149",1989,1,3,"East",5,81,"NC State","South Carolina",66,12
"150",1989,1,3,"East",6,75,"Kansas St","Minnesota",86,11
"151",1989,1,3,"East",7,84,"West Virginia","Tennessee",68,10
"152",1989,1,3,"East",8,65,"Vanderbilt","Notre Dame",81,9
"153",1989,1,4,"West",1,94,"Arizona","Robert Morris",60,16
"154",1989,1,4,"West",2,99,"Indiana","George Mason",85,15
"155",1989,1,4,"West",3,60,"Seton Hall","Southwest Missouri St",51,14
"156",1989,1,4,"West",4,68,"UNLV","Idaho",56,13
"157",1989,1,4,"West",5,63,"Memphis","DePaul",66,12
"158",1989,1,4,"West",6,90,"Oregon St","Evansville",94,11
"159",1989,1,4,"West",7,85,"UTEP","LSU",74,10
"160",1989,1,4,"West",8,70,"St Marys","Clemson",80,9
"161",1990,1,1,"Southeast",1,75,"Michigan St","Murray St",71,16
"162",1990,1,1,"Southeast",2,70,"Syracuse","Coppin St",48,15
"163",1990,1,1,"Southeast",3,71,"Missouri","Northern Iowa",74,14
"164",1990,1,1,"Southeast",4,99,"Georgia Tech","East Tennessee St",83,13
"165",1990,1,1,"Southeast",5,70,"LSU","Villanova",63,12
"166",1990,1,1,"Southeast",6,64,"Minnesota","UTEP",61,11
"167",1990,1,1,"Southeast",7,75,"Virginia","Notre Dame",67,10
"168",1990,1,1,"Southeast",8,66,"Houston","Santa Barbara",70,9
"169",1990,1,2,"West",1,102,"UNLV","Arkansas Little Rock",72,16
"170",1990,1,2,"West",2,79,"Arizona","South Florida",67,15
"171",1990,1,2,"West",3,76,"Michigan","Illinois St",70,14
"172",1990,1,2,"West",4,78,"Louisville","Idaho",59,13
"173",1990,1,2,"West",5,53,"Oregon St","Ball St",54,12
"174",1990,1,2,"West",6,92,"New Mexico St","Loyola Marymount",111,11
"175",1990,1,2,"West",7,71,"Alabama","Colorado St",54,10
"176",1990,1,2,"West",8,84,"Ohio St","Providence",83,9
"177",1990,1,3,"East",1,76,"Connecticut","Boston University",52,16
"178",1990,1,3,"East",2,79,"Kansas","Robert Morris",71,15
"179",1990,1,3,"East",3,81,"Duke","Richmond",46,14
"180",1990,1,3,"East",4,79,"La Salle","Southern Mississippi",63,13
"181",1990,1,3,"East",5,49,"Clemson","BYU",47,12
"182",1990,1,3,"East",6,81,"St Johns","Temple",65,11
"183",1990,1,3,"East",7,68,"UCLA","UAB",56,10
"184",1990,1,3,"East",8,63,"Indiana","California",65,9
"185",1990,1,4,"Midwest",1,77,"Oklahoma","Towson",68,16
"186",1990,1,4,"Midwest",2,75,"Purdue","Louisiana Monroe",63,15
"187",1990,1,4,"Midwest",3,70,"Georgetown","Texas Southern",52,14
"188",1990,1,4,"Midwest",4,68,"Arkansas","Princeton",64,13
"189",1990,1,4,"Midwest",5,86,"Illinois","Dayton",88,12
"190",1990,1,4,"Midwest",6,87,"Xavier","Kansas St",79,11
"191",1990,1,4,"Midwest",7,88,"Georgia","Texas",100,10
"192",1990,1,4,"Midwest",8,83,"North Carolina","Southwest Missouri St",70,9
"193",1991,1,1,"West",1,99,"UNLV","Montana",65,16
"194",1991,1,1,"West",2,93,"Arizona","St Francis",80,15
"195",1991,1,1,"West",3,71,"Seton Hall","Pepperdine",51,14
"196",1991,1,1,"West",4,82,"Utah","South Alabama",72,13
"197",1991,1,1,"West",5,60,"Michigan St","Wisconsin Green Bay",58,12
"198",1991,1,1,"West",6,56,"New Mexico St","Creighton",64,11
"199",1991,1,1,"West",7,48,"Virginia","BYU",61,10
"200",1991,1,1,"West",8,70,"Georgetown","Vanderbilt",60,9
"201",1991,1,2,"Midwest",1,97,"Ohio St","Towson",86,16
"202",1991,1,2,"Midwest",2,102,"Duke","Louisiana Monroe",73,15
"203",1991,1,2,"Midwest",3,84,"Nebraska","Xavier",89,14
"204",1991,1,2,"Midwest",4,75,"St Johns","Northern Illinois",68,13
"205",1991,1,2,"Midwest",5,73,"Texas","St Peters",65,12
"206",1991,1,2,"Midwest",6,62,"LSU","Connecticut",79,11
"207",1991,1,2,"Midwest",7,76,"Iowa","East Tennessee St",73,10
"208",1991,1,2,"Midwest",8,87,"Georgia Tech","DePaul",70,9
"209",1991,1,3,"East",1,101,"North Carolina","Northeastern",66,16
"210",1991,1,3,"East",2,69,"Syracuse","Richmond",73,15
"211",1991,1,3,"East",3,67,"Oklahoma St","New Mexico",54,14
"212",1991,1,3,"East",4,69,"UCLA","Penn St",74,13
"213",1991,1,3,"East",5,56,"Mississippi St","Eastern Michigan",76,12
"214",1991,1,3,"East",6,114,"NC State","Southern Mississippi",85,11
"215",1991,1,3,"East",7,63,"Purdue","Temple",80,10
"216",1991,1,3,"East",8,48,"Princeton","Villanova",50,9
"217",1991,1,4,"Southeast",1,117,"Arkansas","Georgia St",76,16
"218",1991,1,4,"Southeast",2,79,"Indiana","Coastal Carolina",69,15
"219",1991,1,4,"Southeast",3,55,"Kansas","New Orleans",49,14
"220",1991,1,4,"Southeast",4,89,"Alabama","Murray St",79,13
"221",1991,1,4,"Southeast",5,71,"Wake Forest","Louisiana Tech",65,12
"222",1991,1,4,"Southeast",6,76,"Pittsburgh","Georgia",68,11
"223",1991,1,4,"Southeast",7,75,"Florida St","USC",72,10
"224",1991,1,4,"Southeast",8,79,"Arizona St","Rutgers",76,9
"225",1992,1,1,"Midwest",1,100,"Kansas","Howard",67,16
"226",1992,1,1,"Midwest",2,84,"USC","Louisiana Monroe",54,15
"227",1992,1,1,"Midwest",3,80,"Arkansas","Murray St",69,14
"228",1992,1,1,"Midwest",4,85,"Cincinnati","Delaware",47,13
"229",1992,1,1,"Midwest",5,61,"Michigan St","Southwest Missouri St",54,12
"230",1992,1,1,"Midwest",6,80,"Memphis","Pepperdine",70,11
"231",1992,1,1,"Midwest",7,65,"Georgia Tech","Houston",60,10
"232",1992,1,1,"Midwest",8,50,"Evansville","UTEP",55,9
"233",1992,1,2,"Southeast",1,83,"Ohio St","Mississippi Valley St",56,16
"234",1992,1,2,"Southeast",2,100,"Oklahoma St","Georgia Southern",73,15
"235",1992,1,2,"Southeast",3,80,"Arizona","East Tennessee St",87,14
"236",1992,1,2,"Southeast",4,68,"North Carolina","Miami Ohio",63,13
"237",1992,1,2,"Southeast",5,80,"Alabama","Stanford",75,12
"238",1992,1,2,"Southeast",6,73,"Michigan","Temple",66,11
"239",1992,1,2,"Southeast",7,57,"St Johns","Tulane",61,10
"240",1992,1,2,"Southeast",8,65,"Nebraska","Connecticut",86,9
"241",1992,1,3,"East",1,82,"Duke","Campbell",56,16
"242",1992,1,3,"East",2,88,"Kentucky","Old Dominion",69,15
"243",1992,1,3,"East",3,85,"Massachusetts","Fordham",58,14
"244",1992,1,3,"East",4,78,"Seton Hall","La Salle",76,13
"245",1992,1,3,"East",5,89,"Missouri","West Virginia",78,12
"246",1992,1,3,"East",6,51,"Syracuse","Princeton",43,11
"247",1992,1,3,"East",7,74,"Charlotte","Iowa St",76,10
"248",1992,1,3,"East",8,92,"Texas","Iowa",98,9
"249",1992,1,4,"West",1,73,"UCLA","Robert Morris",53,16
"250",1992,1,4,"West",2,94,"Indiana","Eastern Illinois",55,15
"251",1992,1,4,"West",3,78,"Florida St","Montana",68,14
"252",1992,1,4,"West",4,83,"Oklahoma","Louisiana Lafayette",87,13
"253",1992,1,4,"West",5,73,"DePaul","New Mexico St",81,12
"254",1992,1,4,"West",6,75,"Georgetown","South Florida",60,11
"255",1992,1,4,"West",7,94,"LSU","BYU",83,10
"256",1992,1,4,"West",8,81,"Louisville","Wake Forest",58,9
"257",1993,1,1,"Southeast",1,96,"Kentucky","Rider",52,16
"258",1993,1,1,"Southeast",2,81,"Seton Hall","Tennessee St",59,15
"259",1993,1,1,"Southeast",3,82,"Florida St","Evansville",70,14
"260",1993,1,1,"Southeast",4,82,"Iowa","Louisiana Monroe",69,13
"261",1993,1,1,"Southeast",5,81,"Wake Forest","Chattanooga",58,12
"262",1993,1,1,"Southeast",6,53,"Kansas St","Tulane",55,11
"263",1993,1,1,"Southeast",7,55,"Western Kentucky","Memphis",52,10
"264",1993,1,1,"Southeast",8,86,"Utah","Pittsburgh",85,9
"265",1993,1,2,"West",1,84,"Michigan","Coastal Carolina",53,16
"266",1993,1,2,"West",2,61,"Arizona","Santa Clara",64,15
"267",1993,1,2,"West",3,92,"Vanderbilt","Boise St",72,14
"268",1993,1,2,"West",4,78,"Georgia Tech","Southern",93,13
"269",1993,1,2,"West",5,68,"New Mexico","George Washington",82,12
"270",1993,1,2,"West",6,75,"Illinois","Long Beach St",72,11
"271",1993,1,2,"West",7,75,"Temple","Missouri",61,10
"272",1993,1,2,"West",8,70,"Iowa St","UCLA",81,9
"273",1993,1,3,"East",1,85,"North Carolina","East Carolina",65,16
"274",1993,1,3,"East",2,93,"Cincinnati","Coppin St",66,15
"275",1993,1,3,"East",3,54,"Massachusetts","Pennsylvania",50,14
"276",1993,1,3,"East",4,94,"Arkansas","Holy Cross",64,13
"277",1993,1,3,"East",5,85,"St Johns","Texas Tech",67,12
"278",1993,1,3,"East",6,78,"Virginia","Manhattan",66,11
"279",1993,1,3,"East",7,93,"New Mexico St","Nebraska",79,10
"280",1993,1,3,"East",8,74,"Rhode Island","Purdue",68,9
"281",1993,1,4,"Midwest",1,97,"Indiana","Wright St",54,16
"282",1993,1,4,"Midwest",2,94,"Kansas","Ball St",72,15
"283",1993,1,4,"Midwest",3,105,"Duke","Southern Illinois",70,14
"284",1993,1,4,"Midwest",4,76,"Louisville","Delaware",70,13
"285",1993,1,4,"Midwest",5,74,"Oklahoma St","Marquette",62,12
"286",1993,1,4,"Midwest",6,66,"California","LSU",64,11
"287",1993,1,4,"Midwest",7,80,"BYU","SMU",71,10
"288",1993,1,4,"Midwest",8,55,"New Orleans","Xavier",73,9
"289",1994,1,1,"West",1,76,"Missouri","Navy",53,16
"290",1994,1,1,"West",2,81,"Arizona","Loyola Maryland",55,15
"291",1994,1,1,"West",3,67,"Louisville","Boise St",58,14
"292",1994,1,1,"West",4,92,"Syracuse","Hawaii",78,13
"293",1994,1,1,"West",5,57,"California","Wisconsin Green Bay",61,12
"294",1994,1,1,"West",6,74,"Minnesota","Southern Illinois",60,11
"295",1994,1,1,"West",7,57,"Virginia","New Mexico",54,10
"296",1994,1,1,"West",8,72,"Cincinnati","Wisconsin",80,9
"297",1994,1,2,"Midwest",1,94,"Arkansas","North Carolina A&T",79,16
"298",1994,1,2,"Midwest",2,78,"Massachusetts","Southwest Texas St",60,15
"299",1994,1,2,"Midwest",3,78,"Michigan","Pepperdine",74,14
"300",1994,1,2,"Midwest",4,65,"Oklahoma St","New Mexico St",55,13
"301",1994,1,2,"Midwest",5,102,"UCLA","Tulsa",112,12
"302",1994,1,2,"Midwest",6,91,"Texas","Western Kentucky",77,11
"303",1994,1,2,"Midwest",7,66,"St Louis","Maryland",74,10
"304",1994,1,2,"Midwest",8,77,"Illinois","Georgetown",84,9
"305",1994,1,3,"East",1,71,"North Carolina","Liberty",51,16
"306",1994,1,3,"East",2,64,"Connecticut","Rider",46,15
"307",1994,1,3,"East",3,64,"Florida","James Madison",62,14
"308",1994,1,3,"East",4,61,"Temple","Drexel",39,13
"309",1994,1,3,"East",5,84,"Indiana","Ohio",72,12
"310",1994,1,3,"East",6,80,"Nebraska","Pennsylvania",90,11
"311",1994,1,3,"East",7,46,"UAB","George Washington",51,10
"312",1994,1,3,"East",8,64,"Washington St","Boston College",67,9
"313",1994,1,4,"Southeast",1,98,"Purdue","Central Florida",67,16
"314",1994,1,4,"Southeast",2,82,"Duke","Texas Southern",70,15
"315",1994,1,4,"Southeast",3,83,"Kentucky","Tennessee St",70,14
"316",1994,1,4,"Southeast",4,102,"Kansas","Chattanooga",73,13
"317",1994,1,4,"Southeast",5,68,"Wake Forest","College of Charleston",58,12
"318",1994,1,4,"Southeast",6,81,"Marquette","Louisiana Lafayette",59,11
"319",1994,1,4,"Southeast",7,84,"Michigan St","Seton Hall",73,10
"320",1994,1,4,"Southeast",8,70,"Providence","Alabama",76,9
"321",1995,1,1,"Midwest",1,82,"Kansas","Colgate",68,16
"322",1995,1,1,"Midwest",2,79,"Arkansas","Texas Southern",78,15
"323",1995,1,1,"Midwest",3,49,"Purdue","Wisconsin Green Bay",48,14
"324",1995,1,1,"Midwest",4,96,"Virginia","Nicholls St",72,13
"325",1995,1,1,"Midwest",5,62,"Arizona","Miami Ohio",71,12
"326",1995,1,1,"Midwest",6,77,"Memphis","Louisville",56,11
"327",1995,1,1,"Midwest",7,96,"Syracuse","Southern Illinois",92,10
"328",1995,1,1,"Midwest",8,82,"Western Kentucky","Michigan",76,9
"329",1995,1,2,"Southeast",1,113,"Kentucky","Mount St Marys",67,16
"330",1995,1,2,"Southeast",2,80,"North Carolina","Murray St",70,15
"331",1995,1,2,"Southeast",3,72,"Michigan St","Weber St",79,14
"332",1995,1,2,"Southeast",4,67,"Oklahoma","Manhattan",77,13
"333",1995,1,2,"Southeast",5,81,"Arizona St","Ball St",66,12
"334",1995,1,2,"Southeast",6,68,"Georgetown","Xavier",63,11
"335",1995,1,2,"Southeast",7,64,"Iowa St","Florida",61,10
"336",1995,1,2,"Southeast",8,70,"BYU","Tulane",76,9
"337",1995,1,3,"East",1,79,"Wake Forest","North Carolina A&T",47,16
"338",1995,1,3,"East",2,68,"Massachusetts","St Peters",51,15
"339",1995,1,3,"East",3,81,"Villanova","Old Dominion",89,14
"340",1995,1,3,"East",4,73,"Oklahoma St","Drexel",49,13
"341",1995,1,3,"East",5,91,"Alabama","Pennsylvania",85,12
"342",1995,1,3,"East",6,68,"Tulsa","Illinois",62,11
"343",1995,1,3,"East",7,68,"Charlotte","Stanford",70,10
"344",1995,1,3,"East",8,61,"Minnesota","St Louis",64,9
"345",1995,1,4,"West",1,92,"UCLA","Florida International",56,16
"346",1995,1,4,"West",2,100,"Connecticut","Chattanooga",71,15
"347",1995,1,4,"West",3,87,"Maryland","Gonzaga",63,14
"348",1995,1,4,"West",4,76,"Utah","Long Beach St",64,13
"349",1995,1,4,"West",5,75,"Mississippi St","Santa Clara",67,12
"350",1995,1,4,"West",6,73,"Oregon","Texas",90,11
"351",1995,1,4,"West",7,77,"Cincinnati","Temple",71,10
"352",1995,1,4,"West",8,65,"Missouri","Indiana",60,9
"353",1996,1,1,"Southeast",1,68,"Connecticut","Colgate",59,16
"354",1996,1,1,"Southeast",2,66,"Cincinnati","UNC Greensboro",61,15
"355",1996,1,1,"Southeast",3,90,"Georgia Tech","Austin Peay",79,14
"356",1996,1,1,"Southeast",4,41,"UCLA","Princeton",43,13
"357",1996,1,1,"Southeast",5,58,"Mississippi St","VCU",51,12
"358",1996,1,1,"Southeast",6,51,"Indiana","Boston College",64,11
"359",1996,1,1,"Southeast",7,61,"Temple","Oklahoma",43,10
"360",1996,1,1,"Southeast",8,60,"Duke","Eastern Michigan",75,9
"361",1996,1,2,"West",1,73,"Purdue","Western Carolina",71,16
"362",1996,1,2,"West",2,92,"Kansas","South Carolina St",54,15
"363",1996,1,2,"West",3,90,"Arizona","Valparaiso",51,14
"364",1996,1,2,"West",4,88,"Syracuse","Montana St",55,13
"365",1996,1,2,"West",5,63,"Memphis","Drexel",75,12
"366",1996,1,2,"West",6,81,"Iowa","George Washington",79,11
"367",1996,1,2,"West",7,79,"Maryland","Santa Clara",91,10
"368",1996,1,2,"West",8,81,"Georgia","Clemson",74,9
"369",1996,1,3,"East",1,92,"Massachusetts","Central Florida",70,16
"370",1996,1,3,"East",2,93,"Georgetown","Mississippi Valley St",56,15
"371",1996,1,3,"East",3,74,"Texas Tech","Northern Illinois",73,14
"372",1996,1,3,"East",4,68,"Marquette","Monmouth",44,13
"373",1996,1,3,"East",5,80,"Penn St","Arkansas",86,12
"374",1996,1,3,"East",6,86,"North Carolina","New Orleans",62,11
"375",1996,1,3,"East",7,69,"New Mexico","Kansas St",48,10
"376",1996,1,3,"East",8,58,"Bradley","Stanford",66,9
"377",1996,1,4,"Midwest",1,110,"Kentucky","San Jose St",72,16
"378",1996,1,4,"Midwest",2,62,"Wake Forest","Louisiana Monroe",50,15
"379",1996,1,4,"Midwest",3,92,"Villanova","Portland",58,14
"380",1996,1,4,"Midwest",4,73,"Utah","Canisius",67,13
"381",1996,1,4,"Midwest",5,74,"Iowa St","California",64,12
"382",1996,1,4,"Midwest",6,82,"Louisville","Tulsa",80,11
"383",1996,1,4,"Midwest",7,76,"Michigan","Texas",80,10
"384",1996,1,4,"Midwest",8,48,"Wisconsin Green Bay","Virginia Tech",61,9
"385",1997,1,1,"West",1,92,"Kentucky","Montana",54,16
"386",1997,1,1,"West",2,75,"Utah","Navy",61,15
"387",1997,1,1,"West",3,68,"Wake Forest","St Marys",46,14
"388",1997,1,1,"West",4,75,"St Josephs","Pacific",65,13
"389",1997,1,1,"West",5,73,"Boston College","Valparaiso",66,12
"390",1997,1,1,"West",6,80,"Stanford","Oklahoma",67,11
"391",1997,1,1,"West",7,79,"Charlotte","Georgetown",67,10
"392",1997,1,1,"West",8,73,"Iowa","Virginia",60,9
"393",1997,1,2,"Midwest",1,78,"Minnesota","Southwest Texas St",46,16
"394",1997,1,2,"Midwest",2,109,"UCLA","Charleston Southern",75,15
"395",1997,1,2,"Midwest",3,86,"Cincinnati","Butler",69,14
"396",1997,1,2,"Midwest",4,68,"Clemson","Miami Ohio",56,13
"397",1997,1,2,"Midwest",5,81,"Tulsa","Boston University",58,12
"398",1997,1,2,"Midwest",6,69,"Iowa St","Illinois St",57,11
"399",1997,1,2,"Midwest",7,80,"Xavier","Vanderbilt",68,10
"400",1997,1,2,"Midwest",8,40,"Ole Miss","Temple",62,9
"401",1997,1,3,"East",1,82,"North Carolina","Fairfield",74,16
"402",1997,1,3,"East",2,65,"South Carolina","Coppin St",78,15
"403",1997,1,3,"East",3,59,"New Mexico","Old Dominion",55,14
"404",1997,1,3,"East",4,101,"Villanova","Long Island Brooklyn",91,13
"405",1997,1,3,"East",5,55,"California","Princeton",52,12
"406",1997,1,3,"East",6,65,"Louisville","Massachusetts",57,11
"407",1997,1,3,"East",7,58,"Wisconsin","Texas",71,10
"408",1997,1,3,"East",8,62,"Indiana","Colorado",80,9
"409",1997,1,4,"Southeast",1,78,"Kansas","Jackson St",64,16
"410",1997,1,4,"Southeast",2,71,"Duke","Murray St",68,15
"411",1997,1,4,"Southeast",3,70,"Georgia","Chattanooga",73,14
"412",1997,1,4,"Southeast",4,65,"Arizona","South Alabama",57,13
"413",1997,1,4,"Southeast",5,66,"Maryland","College of Charleston",75,12
"414",1997,1,4,"Southeast",6,90,"Illinois","USC",77,11
"415",1997,1,4,"Southeast",7,59,"Marquette","Providence",81,10
"416",1997,1,4,"Southeast",8,83,"Purdue","Rhode Island",76,9
"417",1998,1,1,"East",1,88,"North Carolina","Navy",52,16
"418",1998,1,1,"East",2,93,"Connecticut","Fairleigh Dickinson",85,15
"419",1998,1,1,"East",3,61,"South Carolina","Richmond",62,14
"420",1998,1,1,"East",4,83,"Michigan St","Eastern Michigan",71,13
"421",1998,1,1,"East",5,69,"Princeton","UNLV",57,12
"422",1998,1,1,"East",6,68,"Xavier","Washington",69,11
"423",1998,1,1,"East",7,94,"Indiana","Oklahoma",87,10
"424",1998,1,1,"East",8,77,"Charlotte","Illinois Chicago",62,9
"425",1998,1,2,"West",1,99,"Arizona","Nicholls St",60,16
"426",1998,1,2,"West",2,65,"Cincinnati","Northern Arizona",62,15
"427",1998,1,2,"West",3,85,"Utah","San Francisco",68,14
"428",1998,1,2,"West",4,82,"Maryland","Utah St",68,13
"429",1998,1,2,"West",5,64,"Illinois","South Alabama",51,12
"430",1998,1,2,"West",6,74,"Arkansas","Nebraska",65,11
"431",1998,1,2,"West",7,52,"Temple","West Virginia",82,10
"432",1998,1,2,"West",8,81,"Tennessee","Illinois St",82,9
"433",1998,1,3,"Midwest",1,110,"Kansas","Prairie View",52,16
"434",1998,1,3,"Midwest",2,95,"Purdue","Delaware",56,15
"435",1998,1,3,"Midwest",3,67,"Stanford","College of Charleston",57,14
"436",1998,1,3,"Midwest",4,69,"Ole Miss","Valparaiso",70,13
"437",1998,1,3,"Midwest",5,87,"TCU","Florida St",96,12
"438",1998,1,3,"Midwest",6,72,"Clemson","Western Michigan",75,11
"439",1998,1,3,"Midwest",7,64,"St Johns","Detroit",66,10
"440",1998,1,3,"Midwest",8,97,"Rhode Island","Murray St",74,9
"441",1998,1,4,"South",1,99,"Duke","Radford",63,16
"442",1998,1,4,"South",2,82,"Kentucky","South Carolina St",67,15
"443",1998,1,4,"South",3,80,"Michigan","Davidson",61,14
"444",1998,1,4,"South",4,79,"New Mexico","Butler",62,13
"445",1998,1,4,"South",5,63,"Syracuse","Iona",61,12
"446",1998,1,4,"South",6,65,"UCLA","Miami",62,11
"447",1998,1,4,"South",7,46,"Massachusetts","St Louis",51,10
"448",1998,1,4,"South",8,74,"Oklahoma St","George Washington",59,9
"449",1999,1,1,"East",1,99,"Duke","Florida A&M",58,16
"450",1999,1,1,"East",2,75,"Miami","Lafayette",54,15
"451",1999,1,1,"East",3,72,"Cincinnati","George Mason",48,14
"452",1999,1,1,"East",4,62,"Tennessee","Delaware",52,13
"453",1999,1,1,"East",5,32,"Wisconsin","Southwest Missouri St",43,12
"454",1999,1,1,"East",6,61,"Temple","Kent St",54,11
"455",1999,1,1,"East",7,54,"Texas","Purdue",58,10
"456",1999,1,1,"East",8,53,"College of Charleston","Tulsa",62,9
"457",1999,1,2,"Midwest",1,76,"Michigan St","Mount St Marys",53,16
"458",1999,1,2,"Midwest",2,80,"Utah","Arkansas St",58,15
"459",1999,1,2,"Midwest",3,82,"Kentucky","New Mexico St",60,14
"460",1999,1,2,"Midwest",4,60,"Arizona","Oklahoma",61,13
"461",1999,1,2,"Midwest",5,81,"Charlotte","Rhode Island",70,12
"462",1999,1,2,"Midwest",6,95,"Kansas","Evansville",74,11
"463",1999,1,2,"Midwest",7,58,"Washington","Miami Ohio",59,10
"464",1999,1,2,"Midwest",8,70,"Villanova","Ole Miss",72,9
"465",1999,1,3,"South",1,80,"Auburn","Winthrop",41,16
"466",1999,1,3,"South",2,82,"Maryland","Valparaiso",60,15
"467",1999,1,3,"South",3,69,"St Johns","Samford",43,14
"468",1999,1,3,"South",4,72,"Ohio St","Murray St",58,13
"469",1999,1,3,"South",5,53,"UCLA","Detroit",56,12
"470",1999,1,3,"South",6,108,"Indiana","George Washington",88,11
"471",1999,1,3,"South",7,58,"Louisville","Creighton",62,10
"472",1999,1,3,"South",8,61,"Syracuse","Oklahoma St",69,9
"473",1999,1,4,"West",1,91,"Connecticut","Texas San Antonio",66,16
"474",1999,1,4,"West",2,69,"Stanford","Alcorn St",57,15
"475",1999,1,4,"West",3,74,"North Carolina","Weber St",76,14
"476",1999,1,4,"West",4,94,"Arkansas","Siena",80,13
"477",1999,1,4,"West",5,77,"Iowa","UAB",64,12
"478",1999,1,4,"West",6,75,"Florida","Pennsylvania",61,11
"479",1999,1,4,"West",7,63,"Minnesota","Gonzaga",75,10
"480",1999,1,4,"West",8,59,"Missouri","New Mexico",61,9
"481",2000,1,1,"West",1,71,"Arizona","Jackson St",47,16
"482",2000,1,1,"West",2,61,"St Johns","Northern Arizona",56,15
"483",2000,1,1,"West",3,74,"Oklahoma","Winthrop",50,14
"484",2000,1,1,"West",4,64,"LSU","Southeast Missouri St",61,13
"485",2000,1,1,"West",5,77,"Texas","Indiana St",61,12
"486",2000,1,1,"West",6,62,"Purdue","Dayton",61,11
"487",2000,1,1,"West",7,66,"Louisville","Gonzaga",77,10
"488",2000,1,1,"West",8,66,"Wisconsin","Fresno St",56,9
"489",2000,1,2,"Midwest",1,65,"Michigan St","Valparaiso",38,16
"490",2000,1,2,"Midwest",2,88,"Iowa St","Central Connecticut St",78,15
"491",2000,1,2,"Midwest",3,74,"Maryland","Iona",59,14
"492",2000,1,2,"Midwest",4,79,"Syracuse","Samford",65,13
"493",2000,1,2,"Midwest",5,85,"Kentucky","St Bonaventure",80,12
"494",2000,1,2,"Midwest",6,65,"UCLA","Ball St",57,11
"495",2000,1,2,"Midwest",7,72,"Auburn","Creighton",69,10
"496",2000,1,2,"Midwest",8,48,"Utah","St Louis",45,9
"497",2000,1,3,"East",1,82,"Duke","Lamar",55,16
"498",2000,1,3,"East",2,73,"Temple","Lafayette",47,15
"499",2000,1,3,"East",3,86,"Oklahoma St","Hofstra",66,14
"500",2000,1,3,"East",4,68,"Illinois","Pennsylvania",48,13
"501",2000,1,3,"East",5,69,"Florida","Butler",68,12
"502",2000,1,3,"East",6,57,"Indiana","Pepperdine",77,11
"503",2000,1,3,"East",7,71,"Oregon","Seton Hall",72,10
"504",2000,1,3,"East",8,81,"Kansas","DePaul",77,9
"505",2000,1,4,"South",1,84,"Stanford","South Carolina St",65,16
"506",2000,1,4,"South",2,64,"Cincinnati","UNC Wilmington",47,15
"507",2000,1,4,"South",3,87,"Ohio St","Appalachian St",61,14
"508",2000,1,4,"South",4,63,"Tennessee","Louisiana Lafayette",58,13
"509",2000,1,4,"South",5,75,"Connecticut","Utah St",67,12
"510",2000,1,4,"South",6,75,"Miami","Arkansas",71,11
"511",2000,1,4,"South",7,89,"Tulsa","UNLV",62,10
"512",2000,1,4,"South",8,84,"North Carolina","Missouri",70,9
"513",2001,1,1,"Midwest",1,96,"Illinois","Northwestern St",54,16
"514",2001,1,1,"Midwest",2,101,"Arizona","Eastern Illinois",76,15
"515",2001,1,1,"Midwest",3,72,"Ole Miss","Iona",70,14
"516",2001,1,1,"Midwest",4,99,"Kansas","Cal St Northridge",75,13
"517",2001,1,1,"Midwest",5,79,"Syracuse","Hawaii",69,12
"518",2001,1,1,"Midwest",6,83,"Notre Dame","Xavier",71,11
"519",2001,1,1,"Midwest",7,63,"Wake Forest","Butler",79,10
"520",2001,1,1,"Midwest",8,63,"Tennessee","Charlotte",70,9
"521",2001,1,2,"South",1,69,"Michigan St","Alabama St",35,16
"522",2001,1,2,"South",2,70,"North Carolina","Princeton",48,15
"523",2001,1,2,"South",3,69,"Florida","Western Kentucky",56,14
"524",2001,1,2,"South",4,68,"Oklahoma","Indiana St",70,13
"525",2001,1,2,"South",5,85,"Virginia","Gonzaga",86,12
"526",2001,1,2,"South",6,65,"Texas","Temple",79,11
"527",2001,1,2,"South",7,69,"Penn St","Providence",59,10
"528",2001,1,2,"South",8,70,"California","Fresno St",82,9
"529",2001,1,3,"East",1,95,"Duke","Monmouth",52,16
"530",2001,1,3,"East",2,72,"Kentucky","Holy Cross",68,15
"531",2001,1,3,"East",3,68,"Boston College","Southern Utah",65,14
"532",2001,1,3,"East",4,61,"UCLA","Hofstra",48,13
"533",2001,1,3,"East",5,68,"Ohio St","Utah St",77,12
"534",2001,1,3,"East",6,69,"USC","Oklahoma St",54,11
"535",2001,1,3,"East",7,69,"Iowa","Creighton",56,10
"536",2001,1,3,"East",8,68,"Georgia","Missouri",70,9
"537",2001,1,4,"West",1,89,"Stanford","UNC Greensboro",60,16
"538",2001,1,4,"West",2,57,"Iowa St","Hampton",58,15
"539",2001,1,4,"West",3,83,"Maryland","George Mason",80,14
"540",2001,1,4,"West",4,73,"Indiana","Kent St",77,13
"541",2001,1,4,"West",5,84,"Cincinnati","BYU",59,12
"542",2001,1,4,"West",6,49,"Wisconsin","Georgia St",50,11
"543",2001,1,4,"West",7,61,"Arkansas","Georgetown",63,10
"544",2001,1,4,"West",8,62,"Georgia Tech","St Josephs",66,9
"545",2002,1,1,"South",1,84,"Duke","Winthrop",37,16
"546",2002,1,1,"South",2,86,"Alabama","Florida Atlantic",78,15
"547",2002,1,1,"South",3,71,"Pittsburgh","Central Connecticut St",54,14
"548",2002,1,1,"South",4,89,"USC","UNC Wilmington",93,13
"549",2002,1,1,"South",5,75,"Indiana","Utah",56,12
"550",2002,1,1,"South",6,82,"California","Pennsylvania",75,11
"551",2002,1,1,"South",7,61,"Oklahoma St","Kent St",69,10
"552",2002,1,1,"South",8,82,"Notre Dame","Charlotte",63,9
"553",2002,1,2,"West",1,90,"Cincinnati","Boston University",52,16
"554",2002,1,2,"West",2,71,"Oklahoma","Illinois Chicago",63,15
"555",2002,1,2,"West",3,86,"Arizona","Santa Barbara",81,14
"556",2002,1,2,"West",4,69,"Ohio St","Davidson",64,13
"557",2002,1,2,"West",5,80,"Miami","Missouri",93,12
"558",2002,1,2,"West",6,66,"Gonzaga","Wyoming",73,11
"559",2002,1,2,"West",7,70,"Xavier","Hawaii",58,10
"560",2002,1,2,"West",8,80,"UCLA","Ole Miss",58,9
"561",2002,1,3,"East",1,85,"Maryland","Siena",70,16
"562",2002,1,3,"East",2,78,"Connecticut","Hampton",67,15
"563",2002,1,3,"East",3,85,"Georgia","Murray St",68,14
"564",2002,1,3,"East",4,83,"Kentucky","Valparaiso",68,13
"565",2002,1,3,"East",5,69,"Marquette","Tulsa",71,12
"566",2002,1,3,"East",6,68,"Texas Tech","Southern Illinois",76,11
"567",2002,1,3,"East",7,69,"NC State","Michigan St",58,10
"568",2002,1,3,"East",8,80,"Wisconsin","St Johns",70,9
"569",2002,1,4,"Midwest",1,70,"Kansas","Holy Cross",59,16
"570",2002,1,4,"Midwest",2,81,"Oregon","Montana",62,15
"571",2002,1,4,"Midwest",3,70,"Mississippi St","McNeese St",58,14
"572",2002,1,4,"Midwest",4,93,"Illinois","San Diego St",64,13
"573",2002,1,4,"Midwest",5,82,"Florida","Creighton",83,12
"574",2002,1,4,"Midwest",6,70,"Texas","Boston College",57,11
"575",2002,1,4,"Midwest",7,83,"Wake Forest","Pepperdine",74,10
"576",2002,1,4,"Midwest",8,84,"Stanford","Western Kentucky",68,9
"577",2003,1,1,"Midwest",1,95,"Kentucky","IUPUI",64,16
"578",2003,1,1,"Midwest",2,87,"Pittsburgh","Wagner",61,15
"579",2003,1,1,"Midwest",3,72,"Marquette","Holy Cross",68,14
"580",2003,1,1,"Midwest",4,71,"Dayton","Tulsa",84,13
"581",2003,1,1,"Midwest",5,81,"Wisconsin","Weber St",74,12
"582",2003,1,1,"Midwest",6,72,"Missouri","Southern Illinois",71,11
"583",2003,1,1,"Midwest",7,67,"Indiana","Alabama",62,10
"584",2003,1,1,"Midwest",8,58,"Oregon","Utah",60,9
"585",2003,1,2,"West",1,80,"Arizona","Vermont",51,16
"586",2003,1,2,"West",2,64,"Kansas","Utah St",61,15
"587",2003,1,2,"West",3,67,"Duke","Colorado St",57,14
"588",2003,1,2,"West",4,65,"Illinois","Western Kentucky",60,13
"589",2003,1,2,"West",5,70,"Notre Dame","Wisconsin Milwaukee",69,12
"590",2003,1,2,"West",6,73,"Creighton","Central Michigan",79,11
"591",2003,1,2,"West",7,71,"Memphis","Arizona St",84,10
"592",2003,1,2,"West",8,69,"Cincinnati","Gonzaga",74,9
"593",2003,1,3,"South",1,82,"Texas","UNC Asheville",61,16
"594",2003,1,3,"South",2,85,"Florida","Sam Houston St",55,15
"595",2003,1,3,"South",3,71,"Xavier","Troy",59,14
"596",2003,1,3,"South",4,77,"Stanford","San Diego",69,13
"597",2003,1,3,"South",5,58,"Connecticut","BYU",53,12
"598",2003,1,3,"South",6,75,"Maryland","UNC Wilmington",73,11
"599",2003,1,3,"South",7,79,"Michigan St","Colorado",64,10
"600",2003,1,3,"South",8,56,"LSU","Purdue",80,9
"601",2003,1,4,"East",1,71,"Oklahoma","South Carolina St",54,16
"602",2003,1,4,"East",2,76,"Wake Forest","East Tennessee St",73,15
"603",2003,1,4,"East",3,76,"Syracuse","Manhattan",65,14
"604",2003,1,4,"East",4,86,"Louisville","Austin Peay",64,13
"605",2003,1,4,"East",5,46,"Mississippi St","Butler",47,12
"606",2003,1,4,"East",6,77,"Oklahoma St","Pennsylvania",63,11
"607",2003,1,4,"East",7,63,"St Josephs","Auburn",65,10
"608",2003,1,4,"East",8,76,"California","NC State",74,9
"609",2004,1,1,"Midwest",1,96,"Kentucky","Florida A&M",76,16
"610",2004,1,1,"Midwest",2,76,"Gonzaga","Valparaiso",49,15
"611",2004,1,1,"Midwest",3,65,"Georgia Tech","Northern Iowa",60,14
"612",2004,1,1,"Midwest",4,78,"Kansas","Illinois Chicago",53,13
"613",2004,1,1,"Midwest",5,58,"Providence","Pacific",66,12
"614",2004,1,1,"Midwest",6,58,"Boston College","Utah",51,11
"615",2004,1,1,"Midwest",7,66,"Michigan St","Nevada",72,10
"616",2004,1,1,"Midwest",8,100,"Washington","UAB",102,9
"617",2004,1,2,"East",1,82,"St Josephs","Liberty",63,16
"618",2004,1,2,"East",2,75,"Oklahoma St","Eastern Washington",56,15
"619",2004,1,2,"East",3,53,"Pittsburgh","Central Florida",44,14
"620",2004,1,2,"East",4,79,"Wake Forest","VCU",78,13
"621",2004,1,2,"East",5,60,"Florida","Manhattan",75,12
"622",2004,1,2,"East",6,76,"Wisconsin","Richmond",64,11
"623",2004,1,2,"East",7,59,"Memphis","South Carolina",43,10
"624",2004,1,2,"East",8,76,"Texas Tech","Charlotte",73,9
"625",2004,1,3,"South",1,96,"Duke","Alabama St",61,16
"626",2004,1,3,"South",2,85,"Mississippi St","Monmouth",52,15
"627",2004,1,3,"South",3,66,"Texas","Princeton",49,14
"628",2004,1,3,"South",4,80,"Cincinnati","East Tennessee St",77,13
"629",2004,1,3,"South",5,72,"Illinois","Murray St",53,12
"630",2004,1,3,"South",6,63,"North Carolina","Air Force",52,11
"631",2004,1,3,"South",7,80,"Xavier","Louisville",70,10
"632",2004,1,3,"South",8,80,"Seton Hall","Arizona",76,9
"633",2004,1,4,"West",1,71,"Stanford","Texas San Antonio",45,16
"634",2004,1,4,"West",2,70,"Connecticut","Vermont",53,15
"635",2004,1,4,"West",3,61,"NC State","Louisiana Lafayette",52,14
"636",2004,1,4,"West",4,86,"Maryland","UTEP",83,13
"637",2004,1,4,"West",5,80,"Syracuse","BYU",75,12
"638",2004,1,4,"West",6,71,"Vanderbilt","Western Michigan",58,11
"639",2004,1,4,"West",7,76,"DePaul","Dayton",69,10
"640",2004,1,4,"West",8,65,"Alabama","Southern Illinois",64,9
"641",2005,1,1,"Midwest",1,67,"Illinois","Fairleigh Dickinson",55,16
"642",2005,1,1,"Midwest",2,63,"Oklahoma St","Southeastern Louisiana",50,15
"643",2005,1,1,"Midwest",3,66,"Arizona","Utah St",53,14
"644",2005,1,1,"Midwest",4,85,"Boston College","Pennsylvania",65,13
"645",2005,1,1,"Midwest",5,73,"Alabama","Wisconsin Milwaukee",83,12
"646",2005,1,1,"Midwest",6,68,"LSU","UAB",82,11
"647",2005,1,1,"Midwest",7,65,"Southern Illinois","St Marys",56,10
"648",2005,1,1,"Midwest",8,57,"Texas","Nevada",61,9
"649",2005,1,2,"West",1,88,"Washington","Montana",77,16
"650",2005,1,2,"West",2,70,"Wake Forest","Chattanooga",54,15
"651",2005,1,2,"West",3,74,"Gonzaga","Winthrop",64,14
"652",2005,1,2,"West",4,68,"Louisville","Louisiana Lafayette",62,13
"653",2005,1,2,"West",5,80,"Georgia Tech","George Washington",68,12
"654",2005,1,2,"West",6,78,"Texas Tech","UCLA",66,11
"655",2005,1,2,"West",7,63,"West Virginia","Creighton",61,10
"656",2005,1,2,"West",8,79,"Pacific","Pittsburgh",71,9
"657",2005,1,3,"East",1,96,"North Carolina","Oakland",68,16
"658",2005,1,3,"East",2,77,"Connecticut","Central Florida",71,15
"659",2005,1,3,"East",3,63,"Kansas","Bucknell",64,14
"660",2005,1,3,"East",4,67,"Florida","Ohio",62,13
"661",2005,1,3,"East",5,55,"Villanova","New Mexico",47,12
"662",2005,1,3,"East",6,57,"Wisconsin","Northern Iowa",52,11
"663",2005,1,3,"East",7,63,"Charlotte","NC State",75,10
"664",2005,1,3,"East",8,53,"Minnesota","Iowa St",64,9
"665",2005,1,4,"South",1,63,"Duke","Delaware St",46,16
"666",2005,1,4,"South",2,72,"Kentucky","Eastern Kentucky",64,15
"667",2005,1,4,"South",3,84,"Oklahoma","Niagara",67,14
"668",2005,1,4,"South",4,57,"Syracuse","Vermont",60,13
"669",2005,1,4,"South",5,89,"Michigan St","Old Dominion",81,12
"670",2005,1,4,"South",6,60,"Utah","UTEP",54,11
"671",2005,1,4,"South",7,76,"Cincinnati","Iowa",64,10
"672",2005,1,4,"South",8,70,"Stanford","Mississippi St",93,9
"673",2006,1,1,"South",1,70,"Duke","Southern",54,16
"674",2006,1,1,"South",2,60,"Texas","Pennsylvania",52,15
"675",2006,1,1,"South",3,63,"Iowa","Northwestern St",64,14
"676",2006,1,1,"South",4,80,"LSU","Iona",64,13
"677",2006,1,1,"South",5,58,"Syracuse","Texas A&M",66,12
"678",2006,1,1,"South",6,64,"West Virginia","Southern Illinois",46,11
"679",2006,1,1,"South",7,52,"California","NC State",58,10
"680",2006,1,1,"South",8,88,"George Washington","UNC Wilmington",85,9
"681",2006,1,2,"West",1,94,"Memphis","Oral Roberts",78,16
"682",2006,1,2,"West",2,78,"UCLA","Belmont",44,15
"683",2006,1,2,"West",3,79,"Gonzaga","Xavier",75,14
"684",2006,1,2,"West",4,73,"Kansas","Bradley",77,13
"685",2006,1,2,"West",5,79,"Pittsburgh","Kent St",64,12
"686",2006,1,2,"West",6,87,"Indiana","San Diego St",83,11
"687",2006,1,2,"West",7,85,"Marquette","Alabama",90,10
"688",2006,1,2,"West",8,55,"Arkansas","Bucknell",59,9
"689",2006,1,3,"East",1,72,"Connecticut","Albany",59,16
"690",2006,1,3,"East",2,63,"Tennessee","Winthrop",61,15
"691",2006,1,3,"East",3,69,"North Carolina","Murray St",65,14
"692",2006,1,3,"East",4,78,"Illinois","Air Force",69,13
"693",2006,1,3,"East",5,75,"Washington","Utah St",61,12
"694",2006,1,3,"East",6,65,"Michigan St","George Mason",75,11
"695",2006,1,3,"East",7,86,"Wichita St","Seton Hall",66,10
"696",2006,1,3,"East",8,69,"Kentucky","UAB",64,9
"697",2006,1,4,"Midwest",1,58,"Villanova","Monmouth",45,16
"698",2006,1,4,"Midwest",2,70,"Ohio St","Davidson",62,15
"699",2006,1,4,"Midwest",3,76,"Florida","South Alabama",50,14
"700",2006,1,4,"Midwest",4,88,"Boston College","Pacific",76,13
"701",2006,1,4,"Midwest",5,79,"Nevada","Montana",87,12
"702",2006,1,4,"Midwest",6,74,"Oklahoma","Wisconsin Milwaukee",82,11
"703",2006,1,4,"Midwest",7,54,"Georgetown","Northern Iowa",49,10
"704",2006,1,4,"Midwest",8,94,"Arizona","Wisconsin",75,9
"705",2007,1,1,"Midwest",1,112,"Florida","Jackson St",69,16
"706",2007,1,1,"Midwest",2,76,"Wisconsin","Texas A&M Corpus Christi",63,15
"707",2007,1,1,"Midwest",3,58,"Oregon","Miami Ohio",56,14
"708",2007,1,1,"Midwest",4,82,"Maryland","Davidson",70,13
"709",2007,1,1,"Midwest",5,57,"Butler","Old Dominion",46,12
"710",2007,1,1,"Midwest",6,64,"Notre Dame","Winthrop",74,11
"711",2007,1,1,"Midwest",7,67,"UNLV","Georgia Tech",63,10
"712",2007,1,1,"Midwest",8,63,"Arizona","Purdue",72,9
"713",2007,1,2,"West",1,107,"Kansas","Niagara",67,16
"714",2007,1,2,"West",2,70,"UCLA","Weber St",42,15
"715",2007,1,2,"West",3,79,"Pittsburgh","Wright St",58,14
"716",2007,1,2,"West",4,61,"Southern Illinois","Holy Cross",51,13
"717",2007,1,2,"West",5,54,"Virginia Tech","Illinois",52,12
"718",2007,1,2,"West",6,77,"Duke","VCU",79,11
"719",2007,1,2,"West",7,70,"Indiana","Gonzaga",57,10
"720",2007,1,2,"West",8,67,"Kentucky","Villanova",58,9
"721",2007,1,3,"East",1,85,"North Carolina","Eastern Kentucky",65,16
"722",2007,1,3,"East",2,80,"Georgetown","Belmont",55,15
"723",2007,1,3,"East",3,70,"Washington St","Oral Roberts",54,14
"724",2007,1,3,"East",4,79,"Texas","New Mexico St",67,13
"725",2007,1,3,"East",5,77,"USC","Arkansas",60,12
"726",2007,1,3,"East",6,77,"Vanderbilt","George Washington",44,11
"727",2007,1,3,"East",7,84,"Boston College","Texas Tech",75,10
"728",2007,1,3,"East",8,49,"Marquette","Michigan St",61,9
"729",2007,1,4,"South",1,78,"Ohio St","Central Connecticut St",57,16
"730",2007,1,4,"South",2,73,"Memphis","North Texas",58,15
"731",2007,1,4,"South",3,68,"Texas A&M","Pennsylvania",52,14
"732",2007,1,4,"South",4,84,"Virginia","Albany",57,13
"733",2007,1,4,"South",5,121,"Tennessee","Long Beach St",86,12
"734",2007,1,4,"South",6,78,"Louisville","Stanford",58,11
"735",2007,1,4,"South",7,77,"Nevada","Creighton",71,10
"736",2007,1,4,"South",8,77,"BYU","Xavier",79,9
"737",2008,1,1,"East",1,113,"North Carolina","Mount St Marys",74,16
"738",2008,1,1,"East",2,72,"Tennessee","American",57,15
"739",2008,1,1,"East",3,79,"Louisville","Boise St",61,14
"740",2008,1,1,"East",4,71,"Washington St","Winthrop",40,13
"741",2008,1,1,"East",5,68,"Notre Dame","George Mason",50,12
"742",2008,1,1,"East",6,72,"Oklahoma","St Josephs",64,11
"743",2008,1,1,"East",7,81,"Butler","South Alabama",61,10
"744",2008,1,1,"East",8,72,"Indiana","Arkansas",86,9
"745",2008,1,2,"Midwest",1,85,"Kansas","Portland St",61,16
"746",2008,1,2,"Midwest",2,66,"Georgetown","UMBC",47,15
"747",2008,1,2,"Midwest",3,71,"Wisconsin","Cal St Fullerton",56,14
"748",2008,1,2,"Midwest",4,62,"Vanderbilt","Siena",83,13
"749",2008,1,2,"Midwest",5,69,"Clemson","Villanova",75,12
"750",2008,1,2,"Midwest",6,67,"USC","Kansas St",80,11
"751",2008,1,2,"Midwest",7,76,"Gonzaga","Davidson",82,10
"752",2008,1,2,"Midwest",8,71,"UNLV","Kent St",58,9
"753",2008,1,3,"South",1,87,"Memphis","Texas Arlington",63,16
"754",2008,1,3,"South",2,74,"Texas","Austin Peay",54,15
"755",2008,1,3,"South",3,77,"Stanford","Cornell",53,14
"756",2008,1,3,"South",4,82,"Pittsburgh","Oral Roberts",63,13
"757",2008,1,3,"South",5,72,"Michigan St","Temple",61,12
"758",2008,1,3,"South",6,74,"Marquette","Kentucky",66,11
"759",2008,1,3,"South",7,78,"Miami","St Marys",64,10
"760",2008,1,3,"South",8,76,"Mississippi St","Oregon",69,9
"761",2008,1,4,"West",1,70,"UCLA","Mississippi Valley St",29,16
"762",2008,1,4,"West",2,71,"Duke","Belmont",70,15
"763",2008,1,4,"West",3,73,"Xavier","Georgia",61,14
"764",2008,1,4,"West",4,69,"Connecticut","San Diego",70,13
"765",2008,1,4,"West",5,99,"Drake","Western Kentucky",101,12
"766",2008,1,4,"West",6,90,"Purdue","Baylor",79,11
"767",2008,1,4,"West",7,75,"West Virginia","Arizona",65,10
"768",2008,1,4,"West",8,62,"BYU","Texas A&M",67,9
"769",2009,1,1,"Midwest",1,74,"Louisville","Morehead St",54,16
"770",2009,1,1,"Midwest",2,77,"Michigan St","Robert Morris",62,15
"771",2009,1,1,"Midwest",3,84,"Kansas","North Dakota St",74,14
"772",2009,1,1,"Midwest",4,69,"Wake Forest","Cleveland St",84,13
"773",2009,1,1,"Midwest",5,71,"Utah","Arizona",84,12
"774",2009,1,1,"Midwest",6,60,"West Virginia","Dayton",68,11
"775",2009,1,1,"Midwest",7,55,"Boston College","USC",72,10
"776",2009,1,1,"Midwest",8,72,"Ohio St","Siena",74,9
"777",2009,1,2,"West",1,103,"Connecticut","Chattanooga",47,16
"778",2009,1,2,"West",2,81,"Memphis","Cal St Northridge",70,15
"779",2009,1,2,"West",3,78,"Missouri","Cornell",59,14
"780",2009,1,2,"West",4,71,"Washington","Mississippi St",58,13
"781",2009,1,2,"West",5,61,"Purdue","Northern Iowa",56,12
"782",2009,1,2,"West",6,58,"Marquette","Utah St",57,11
"783",2009,1,2,"West",7,71,"California","Maryland",84,10
"784",2009,1,2,"West",8,66,"BYU","Texas A&M",79,9
"785",2009,1,3,"East",1,72,"Pittsburgh","East Tennessee St",62,16
"786",2009,1,3,"East",2,85,"Duke","Binghamton",62,15
"787",2009,1,3,"East",3,80,"Villanova","American",67,14
"788",2009,1,3,"East",4,77,"Xavier","Portland St",59,13
"789",2009,1,3,"East",5,59,"Florida St","Wisconsin",61,12
"790",2009,1,3,"East",6,65,"UCLA","VCU",64,11
"791",2009,1,3,"East",7,76,"Texas","Minnesota",62,10
"792",2009,1,3,"East",8,77,"Oklahoma St","Tennessee",75,9
"793",2009,1,4,"South",1,101,"North Carolina","Radford",58,16
"794",2009,1,4,"South",2,82,"Oklahoma","Morgan St",54,15
"795",2009,1,4,"South",3,59,"Syracuse","Stephen F Austin",44,14
"796",2009,1,4,"South",4,77,"Gonzaga","Akron",64,13
"797",2009,1,4,"South",5,72,"Illinois","Western Kentucky",76,12
"798",2009,1,4,"South",6,66,"Arizona St","Temple",57,11
"799",2009,1,4,"South",7,59,"Clemson","Michigan",62,10
"800",2009,1,4,"South",8,75,"LSU","Butler",71,9
"801",2010,1,1,"Midwest",1,90,"Kansas","Lehigh",74,16
"802",2010,1,1,"Midwest",2,68,"Ohio St","Santa Barbara",51,15
"803",2010,1,1,"Midwest",3,83,"Georgetown","Ohio",97,14
"804",2010,1,1,"Midwest",4,89,"Maryland","Houston",77,13
"805",2010,1,1,"Midwest",5,70,"Michigan St","New Mexico St",67,12
"806",2010,1,1,"Midwest",6,62,"Tennessee","San Diego St",59,11
"807",2010,1,1,"Midwest",7,59,"Oklahoma St","Georgia Tech",64,10
"808",2010,1,1,"Midwest",8,66,"UNLV","Northern Iowa",69,9
"809",2010,1,2,"West",1,79,"Syracuse","Vermont",56,16
"810",2010,1,2,"West",2,82,"Kansas St","North Texas",62,15
"811",2010,1,2,"West",3,89,"Pittsburgh","Oakland",66,14
"812",2010,1,2,"West",4,65,"Vanderbilt","Murray St",66,13
"813",2010,1,2,"West",5,77,"Butler","UTEP",59,12
"814",2010,1,2,"West",6,65,"Xavier","Minnesota",54,11
"815",2010,1,2,"West",7,99,"BYU","Florida",92,10
"816",2010,1,2,"West",8,67,"Gonzaga","Florida St",60,9
"817",2010,1,3,"East",1,100,"Kentucky","East Tennessee St",71,16
"818",2010,1,3,"East",2,77,"West Virginia","Morgan St",50,15
"819",2010,1,3,"East",3,62,"New Mexico","Montana",57,14
"820",2010,1,3,"East",4,53,"Wisconsin","Wofford",49,13
"821",2010,1,3,"East",5,65,"Temple","Cornell",78,12
"822",2010,1,3,"East",6,78,"Marquette","Washington",80,11
"823",2010,1,3,"East",7,78,"Clemson","Missouri",86,10
"824",2010,1,3,"East",8,80,"Texas","Wake Forest",81,9
"825",2010,1,4,"South",1,73,"Duke","Arkansas Pine Bluff",44,16
"826",2010,1,4,"South",2,73,"Villanova","Robert Morris",70,15
"827",2010,1,4,"South",3,68,"Baylor","Sam Houston St",59,14
"828",2010,1,4,"South",4,72,"Purdue","Siena",64,13
"829",2010,1,4,"South",5,69,"Texas A&M","Utah St",53,12
"830",2010,1,4,"South",6,50,"Notre Dame","Old Dominion",51,11
"831",2010,1,4,"South",7,71,"Richmond","St Marys",80,10
"832",2010,1,4,"South",8,77,"California","Louisville",62,9
"833",2011,1,1,"East",1,75,"Ohio St","Texas San Antonio",46,16
"834",2011,1,1,"East",2,102,"North Carolina","Long Island Brooklyn",87,15
"835",2011,1,1,"East",3,77,"Syracuse","Indiana St",60,14
"836",2011,1,1,"East",4,59,"Kentucky","Princeton",57,13
"837",2011,1,1,"East",5,84,"West Virginia","Clemson",78,12
"838",2011,1,1,"East",6,55,"Xavier","Marquette",66,11
"839",2011,1,1,"East",7,68,"Washington","Georgia",65,10
"840",2011,1,1,"East",8,61,"George Mason","Villanova",57,9
"841",2011,1,2,"West",1,87,"Duke","Hampton",45,16
"842",2011,1,2,"West",2,68,"San Diego St","Northern Colorado",50,15
"843",2011,1,2,"West",3,81,"Connecticut","Bucknell",52,14
"844",2011,1,2,"West",4,85,"Texas","Oakland",81,13
"845",2011,1,2,"West",5,77,"Arizona","Memphis",75,12
"846",2011,1,2,"West",6,78,"Cincinnati","Missouri",63,11
"847",2011,1,2,"West",7,66,"Temple","Penn St",64,10
"848",2011,1,2,"West",8,75,"Michigan","Tennessee",45,9
"849",2011,1,3,"Southwest",1,72,"Kansas","Boston University",53,16
"850",2011,1,3,"Southwest",2,69,"Notre Dame","Akron",56,15
"851",2011,1,3,"Southwest",3,65,"Purdue","St Peters",43,14
"852",2011,1,3,"Southwest",4,61,"Louisville","Morehead St",62,13
"853",2011,1,3,"Southwest",5,66,"Vanderbilt","Richmond",69,12
"854",2011,1,3,"Southwest",6,56,"Georgetown","VCU",74,11
"855",2011,1,3,"Southwest",7,50,"Texas A&M","Florida St",57,10
"856",2011,1,3,"Southwest",8,62,"UNLV","Illinois",73,9
"857",2011,1,4,"Southeast",1,74,"Pittsburgh","UNC Asheville",51,16
"858",2011,1,4,"Southeast",2,79,"Florida","Santa Barbara",51,15
"859",2011,1,4,"Southeast",3,74,"BYU","Wofford",66,14
"860",2011,1,4,"Southeast",4,72,"Wisconsin","Belmont",58,13
"861",2011,1,4,"Southeast",5,73,"Kansas St","Utah St",68,12
"862",2011,1,4,"Southeast",6,71,"St Johns","Gonzaga",86,11
"863",2011,1,4,"Southeast",7,78,"UCLA","Michigan St",76,10
"864",2011,1,4,"Southeast",8,60,"Butler","Old Dominion",58,9
"865",2012,1,1,"South",1,81,"Kentucky","Western Kentucky",66,16
"866",2012,1,1,"South",2,70,"Duke","Lehigh",75,15
"867",2012,1,1,"South",3,68,"Baylor","South Dakota St",60,14
"868",2012,1,1,"South",4,79,"Indiana","New Mexico St",66,13
"869",2012,1,1,"South",5,59,"Wichita St","VCU",62,12
"870",2012,1,1,"South",6,64,"UNLV","Colorado",68,11
"871",2012,1,1,"South",7,63,"Notre Dame","Xavier",67,10
"872",2012,1,1,"South",8,77,"Iowa St","Connecticut",64,9
"873",2012,1,2,"West",1,89,"Michigan St","Long Island Brooklyn",67,16
"874",2012,1,2,"West",2,84,"Missouri","Norfolk St",86,15
"875",2012,1,2,"West",3,88,"Marquette","BYU",68,14
"876",2012,1,2,"West",4,69,"Louisville","Davidson",62,13
"877",2012,1,2,"West",5,75,"New Mexico","Long Beach St",68,12
"878",2012,1,2,"West",6,58,"Murray St","Colorado St",41,11
"879",2012,1,2,"West",7,71,"Florida","Virginia",45,10
"880",2012,1,2,"West",8,54,"Memphis","St Louis",61,9
"881",2012,1,3,"East",1,72,"Syracuse","UNC Asheville",65,16
"882",2012,1,3,"East",2,78,"Ohio St","Loyola Maryland",59,15
"883",2012,1,3,"East",3,86,"Florida St","St Bonaventure",63,14
"884",2012,1,3,"East",4,73,"Wisconsin","Montana",49,13
"885",2012,1,3,"East",5,79,"Vanderbilt","Harvard",70,12
"886",2012,1,3,"East",6,65,"Cincinnati","Texas",59,11
"887",2012,1,3,"East",7,77,"Gonzaga","West Virginia",54,10
"888",2012,1,3,"East",8,70,"Kansas St","Southern Mississippi",64,9
"889",2012,1,4,"Midwest",1,77,"North Carolina","Vermont",58,16
"890",2012,1,4,"Midwest",2,65,"Kansas","Detroit",50,15
"891",2012,1,4,"Midwest",3,74,"Georgetown","Belmont",59,14
"892",2012,1,4,"Midwest",4,60,"Michigan","Ohio",65,13
"893",2012,1,4,"Midwest",5,44,"Temple","South Florida",58,12
"894",2012,1,4,"Midwest",6,65,"San Diego St","NC State",79,11
"895",2012,1,4,"Midwest",7,69,"St Marys","Purdue",72,10
"896",2012,1,4,"Midwest",8,58,"Creighton","Alabama",57,9
"897",2013,1,1,"Midwest",1,79,"Louisville","North Carolina A&T",48,16
"898",2013,1,1,"Midwest",2,73,"Duke","Albany",61,15
"899",2013,1,1,"Midwest",3,65,"Michigan St","Valparaiso",54,14
"900",2013,1,1,"Midwest",4,64,"St Louis","New Mexico St",44,13
"901",2013,1,1,"Midwest",5,55,"Oklahoma St","Oregon",68,12
"902",2013,1,1,"Midwest",6,54,"Memphis","St Marys",52,11
"903",2013,1,1,"Midwest",7,67,"Creighton","Cincinnati",63,10
"904",2013,1,1,"Midwest",8,84,"Colorado St","Missouri",72,9
"905",2013,1,2,"West",1,64,"Gonzaga","Southern",58,16
"906",2013,1,2,"West",2,95,"Ohio St","Iona",70,15
"907",2013,1,2,"West",3,62,"New Mexico","Harvard",68,14
"908",2013,1,2,"West",4,61,"Kansas St","La Salle",63,13
"909",2013,1,2,"West",5,46,"Wisconsin","Ole Miss",57,12
"910",2013,1,2,"West",6,81,"Arizona","Belmont",64,11
"911",2013,1,2,"West",7,58,"Notre Dame","Iowa St",76,10
"912",2013,1,2,"West",8,55,"Pittsburgh","Wichita St",73,9
"913",2013,1,3,"South",1,64,"Kansas","Western Kentucky",57,16
"914",2013,1,3,"South",2,68,"Georgetown","Florida Gulf Coast",78,15
"915",2013,1,3,"South",3,79,"Florida","Northwestern St",47,14
"916",2013,1,3,"South",4,71,"Michigan","South Dakota St",56,13
"917",2013,1,3,"South",5,88,"VCU","Akron",42,12
"918",2013,1,3,"South",6,63,"UCLA","Minnesota",83,11
"919",2013,1,3,"South",7,70,"San Diego St","Oklahoma",55,10
"920",2013,1,3,"South",8,78,"North Carolina","Villanova",71,9
"921",2013,1,4,"East",1,83,"Indiana","James Madison",62,16
"922",2013,1,4,"East",2,78,"Miami","Pacific",49,15
"923",2013,1,4,"East",3,59,"Marquette","Davidson",58,14
"924",2013,1,4,"East",4,81,"Syracuse","Montana",34,13
"925",2013,1,4,"East",5,61,"UNLV","California",64,12
"926",2013,1,4,"East",6,68,"Butler","Bucknell",56,11
"927",2013,1,4,"East",7,57,"Illinois","Colorado",49,10
"928",2013,1,4,"East",8,72,"NC State","Temple",76,9
"929",2014,1,1,"South",1,67,"Florida","Albany",55,16
"930",2014,1,1,"South",2,80,"Kansas","Eastern Kentucky",69,15
"931",2014,1,1,"South",3,77,"Syracuse","Western Michigan",53,14
"932",2014,1,1,"South",4,76,"UCLA","Tulsa",59,13
"933",2014,1,1,"South",5,75,"VCU","Stephen F Austin",77,12
"934",2014,1,1,"South",6,59,"Ohio St","Dayton",60,11
"935",2014,1,1,"South",7,53,"New Mexico","Stanford",58,10
"936",2014,1,1,"South",8,48,"Colorado","Pittsburgh",77,9
"937",2014,1,2,"East",1,70,"Virginia","Coastal Carolina",59,16
"938",2014,1,2,"East",2,73,"Villanova","Wisconsin Milwaukee",53,15
"939",2014,1,2,"East",3,93,"Iowa St","North Carolina Central",75,14
"940",2014,1,2,"East",4,93,"Michigan St","Delaware",78,13
"941",2014,1,2,"East",5,57,"Cincinnati","Harvard",61,12
"942",2014,1,2,"East",6,79,"North Carolina","Providence",77,11
"943",2014,1,2,"East",7,89,"Connecticut","St Josephs",81,10
"944",2014,1,2,"East",8,71,"Memphis","George Washington",66,9
"945",2014,1,3,"West",1,88,"Arizona","Weber St",59,16
"946",2014,1,3,"West",2,75,"Wisconsin","American",35,15
"947",2014,1,3,"West",3,76,"Creighton","Louisiana Lafayette",66,14
"948",2014,1,3,"West",4,73,"San Diego St","New Mexico St",69,13
"949",2014,1,3,"West",5,75,"Oklahoma","North Dakota St",80,12
"950",2014,1,3,"West",6,74,"Baylor","Nebraska",60,11
"951",2014,1,3,"West",7,87,"Oregon","BYU",68,10
"952",2014,1,3,"West",8,85,"Gonzaga","Oklahoma St",77,9
"953",2014,1,4,"Midwest",1,64,"Wichita St","Cal Poly",37,16
"954",2014,1,4,"Midwest",2,57,"Michigan","Wofford",40,15
"955",2014,1,4,"Midwest",3,71,"Duke","Mercer",78,14
"956",2014,1,4,"Midwest",4,71,"Louisville","Manhattan",64,13
"957",2014,1,4,"Midwest",5,83,"St Louis","NC State",80,12
"958",2014,1,4,"Midwest",6,67,"Massachusetts","Tennessee",86,11
"959",2014,1,4,"Midwest",7,87,"Texas","Arizona St",85,10
"960",2014,1,4,"Midwest",8,56,"Kentucky","Kansas St",49,9
"961",2015,1,1,"Midwest",1,79,"Kentucky","Hampton",56,16
"962",2015,1,1,"Midwest",2,75,"Kansas","New Mexico St",56,15
"963",2015,1,1,"Midwest",3,69,"Notre Dame","Northeastern",65,14
"964",2015,1,1,"Midwest",4,65,"Maryland","Valparaiso",62,13
"965",2015,1,1,"Midwest",5,68,"West Virginia","Buffalo",62,12
"966",2015,1,1,"Midwest",6,56,"Butler","Texas",48,11
"967",2015,1,1,"Midwest",7,81,"Wichita St","Indiana",76,10
"968",2015,1,1,"Midwest",8,66,"Cincinnati","Purdue",65,9
"969",2015,1,2,"West",1,86,"Wisconsin","Coastal Carolina",72,16
"970",2015,1,2,"West",2,93,"Arizona","Texas Southern",72,15
"971",2015,1,2,"West",3,56,"Baylor","Georgia St",57,14
"972",2015,1,2,"West",4,67,"North Carolina","Harvard",65,13
"973",2015,1,2,"West",5,56,"Arkansas","Wofford",53,12
"974",2015,1,2,"West",6,76,"Xavier","Ole Miss",57,11
"975",2015,1,2,"West",7,72,"VCU","Ohio St",75,10
"976",2015,1,2,"West",8,79,"Oregon","Oklahoma St",73,9
"977",2015,1,3,"East",1,93,"Villanova","Lafayette",52,16
"978",2015,1,3,"East",2,79,"Virginia","Belmont",67,15
"979",2015,1,3,"East",3,69,"Oklahoma","Albany",60,14
"980",2015,1,3,"East",4,57,"Louisville","Cal Irvine",55,13
"981",2015,1,3,"East",5,71,"Northern Iowa","Wyoming",54,12
"982",2015,1,3,"East",6,53,"Providence","Dayton",66,11
"983",2015,1,3,"East",7,70,"Michigan St","Georgia",63,10
"984",2015,1,3,"East",8,66,"NC State","LSU",65,9
"985",2015,1,4,"South",1,85,"Duke","Robert Morris",56,16
"986",2015,1,4,"South",2,86,"Gonzaga","North Dakota St",76,15
"987",2015,1,4,"South",3,59,"Iowa St","UAB",60,14
"988",2015,1,4,"South",4,84,"Georgetown","Eastern Washington",74,13
"989",2015,1,4,"South",5,57,"Utah","Stephen F Austin",50,12
"990",2015,1,4,"South",6,59,"SMU","UCLA",60,11
"991",2015,1,4,"South",7,83,"Iowa","Davidson",52,10
"992",2015,1,4,"South",8,76,"San Diego St","St Johns",64,9
"993",2016,1,1,"South",1,105,"Kansas","Austin Peay",79,16
"994",2016,1,1,"South",2,86,"Villanova","UNC Asheville",56,15
"995",2016,1,1,"South",3,79,"Miami","Buffalo",72,14
"996",2016,1,1,"South",4,66,"California","Hawaii",77,13
"997",2016,1,1,"South",5,79,"Maryland","South Dakota St",74,12
"998",2016,1,1,"South",6,55,"Arizona","Wichita St",65,11
"999",2016,1,1,"South",7,72,"Iowa","Temple",70,10
"1000",2016,1,1,"South",8,67,"Colorado","Connecticut",74,9
"1001",2016,1,2,"West",1,91,"Oregon","Holy Cross",52,16
"1002",2016,1,2,"West",2,82,"Oklahoma","Cal St Bakersfield",68,15
"1003",2016,1,2,"West",3,92,"Texas A&M","Wisconsin Green Bay",65,14
"1004",2016,1,2,"West",4,93,"Duke","UNC Wilmington",85,13
"1005",2016,1,2,"West",5,75,"Baylor","Yale",79,12
"1006",2016,1,2,"West",6,72,"Texas","Northern Iowa",75,11
"1007",2016,1,2,"West",7,67,"Oregon St","VCU",75,10
"1008",2016,1,2,"West",8,78,"St Josephs","Cincinnati",76,9
"1009",2016,1,3,"East",1,83,"North Carolina","Florida Gulf Coast",67,16
"1010",2016,1,3,"East",2,71,"Xavier","Weber St",53,15
"1011",2016,1,3,"East",3,56,"West Virginia","Stephen F Austin",70,14
"1012",2016,1,3,"East",4,85,"Kentucky","Stony Brook",57,13
"1013",2016,1,3,"East",5,99,"Indiana","Chattanooga",74,12
"1014",2016,1,3,"East",6,70,"Notre Dame","Michigan",63,11
"1015",2016,1,3,"East",7,47,"Wisconsin","Pittsburgh",43,10
"1016",2016,1,3,"East",8,69,"USC","Providence",70,9
"1017",2016,1,4,"Midwest",1,81,"Virginia","Hampton",45,16
"1018",2016,1,4,"Midwest",2,81,"Michigan St","Middle Tennessee St",90,15
"1019",2016,1,4,"Midwest",3,80,"Utah","Fresno St",69,14
"1020",2016,1,4,"Midwest",4,94,"Iowa St","Iona",81,13
"1021",2016,1,4,"Midwest",5,83,"Purdue","Arkansas Little Rock",85,12
"1022",2016,1,4,"Midwest",6,52,"Seton Hall","Gonzaga",68,11
"1023",2016,1,4,"Midwest",7,51,"Dayton","Syracuse",70,10
"1024",2016,1,4,"Midwest",8,61,"Texas Tech","Butler",71,9
"1025",2017,1,1,"East",1,76,"Villanova","Mount St Marys",56,16
"1026",2017,1,1,"East",2,87,"Duke","Troy",65,15
"1027",2017,1,1,"East",3,91,"Baylor","New Mexico St",73,14
"1028",2017,1,1,"East",4,80,"Florida","East Tennessee St",65,13
"1029",2017,1,1,"East",5,76,"Virginia","UNC Wilmington",71,12
"1030",2017,1,1,"East",6,65,"SMU","USC",66,11
"1031",2017,1,1,"East",7,93,"South Carolina","Marquette",73,10
"1032",2017,1,1,"East",8,84,"Wisconsin","Virginia Tech",74,9
"1033",2017,1,2,"West",1,66,"Gonzaga","South Dakota St",46,16
"1034",2017,1,2,"West",2,100,"Arizona","North Dakota",82,15
"1035",2017,1,2,"West",3,86,"Florida St","Florida Gulf Coast",80,14
"1036",2017,1,2,"West",4,86,"West Virginia","Bucknell",80,13
"1037",2017,1,2,"West",5,60,"Notre Dame","Princeton",58,12
"1038",2017,1,2,"West",6,65,"Maryland","Xavier",76,11
"1039",2017,1,2,"West",7,85,"St Marys","VCU",77,10
"1040",2017,1,2,"West",8,68,"Northwestern","Vanderbilt",66,9
"1041",2017,1,3,"Midwest",1,100,"Kansas","UC Davis",62,16
"1042",2017,1,3,"Midwest",2,78,"Louisville","Jacksonville St",63,15
"1043",2017,1,3,"Midwest",3,93,"Oregon","Iona",77,14
"1044",2017,1,3,"Midwest",4,80,"Purdue","Vermont",70,13
"1045",2017,1,3,"Midwest",5,84,"Iowa St","Nevada",73,12
"1046",2017,1,3,"Midwest",6,72,"Creighton","Rhode Island",84,11
"1047",2017,1,3,"Midwest",7,92,"Michigan","Oklahoma St",91,10
"1048",2017,1,3,"Midwest",8,58,"Miami","Michigan St",78,9
"1049",2017,1,4,"South",1,103,"North Carolina","Texas Southern",64,16
"1050",2017,1,4,"South",2,79,"Kentucky","Northern Kentucky",70,15
"1051",2017,1,4,"South",3,97,"UCLA","Kent St",80,14
"1052",2017,1,4,"South",4,76,"Butler","Winthrop",64,13
"1053",2017,1,4,"South",5,72,"Minnesota","Middle Tennessee St",81,12
"1054",2017,1,4,"South",6,75,"Cincinnati","Kansas St",61,11
"1055",2017,1,4,"South",7,58,"Dayton","Wichita St",64,10
"1056",2017,1,4,"South",8,77,"Arkansas","Seton Hall",71,9
"1057",2018,1,1,"South",1,54,"Virginia","UMBC",74,16
"1058",2018,1,1,"South",2,68,"Cincinnati","Georgia St",53,15
"1059",2018,1,1,"South",3,73,"Tennessee","Wright St",47,14
"1060",2018,1,1,"South",4,68,"Arizona","Buffalo",89,13
"1061",2018,1,1,"South",5,78,"Kentucky","Davidson",73,12
"1062",2018,1,1,"South",6,62,"Miami","Loyola Chicago",64,11
"1063",2018,1,1,"South",7,87,"Nevada","Texas",83,10
"1064",2018,1,1,"South",8,59,"Creighton","Kansas St",69,9
"1065",2018,1,2,"West",1,102,"Xavier","Texas Southern",83,16
"1066",2018,1,2,"West",2,84,"North Carolina","Lipscomb",66,15
"1067",2018,1,2,"West",3,61,"Michigan","Montana",47,14
"1068",2018,1,2,"West",4,68,"Gonzaga","UNC Greensboro",64,13
"1069",2018,1,2,"West",5,81,"Ohio St","South Dakota St",73,12
"1070",2018,1,2,"West",6,67,"Houston","San Diego St",65,11
"1071",2018,1,2,"West",7,73,"Texas A&M","Providence",69,10
"1072",2018,1,2,"West",8,54,"Missouri","Florida St",67,9
"1073",2018,1,3,"East",1,87,"Villanova","Radford",61,16
"1074",2018,1,3,"East",2,74,"Purdue","Cal St Fullerton",48,15
"1075",2018,1,3,"East",3,70,"Texas Tech","Stephen F Austin",60,14
"1076",2018,1,3,"East",4,75,"Wichita St","Marshall",81,13
"1077",2018,1,3,"East",5,85,"West Virginia","Murray St",68,12
"1078",2018,1,3,"East",6,77,"Florida","St Bonaventure",62,11
"1079",2018,1,3,"East",7,62,"Arkansas","Butler",79,10
"1080",2018,1,3,"East",8,83,"Virginia Tech","Alabama",86,9
"1081",2018,1,4,"Midwest",1,76,"Kansas","Pennsylvania",60,16
"1082",2018,1,4,"Midwest",2,89,"Duke","Iona",67,15
"1083",2018,1,4,"Midwest",3,82,"Michigan St","Bucknell",78,14
"1084",2018,1,4,"Midwest",4,62,"Auburn","College of Charleston",58,13
"1085",2018,1,4,"Midwest",5,79,"Clemson","New Mexico St",68,12
"1086",2018,1,4,"Midwest",6,52,"TCU","Syracuse",57,11
"1087",2018,1,4,"Midwest",7,83,"Rhode Island","Oklahoma",78,10
"1088",2018,1,4,"Midwest",8,94,"Seton Hall","NC State",83,9
"1089",2019,1,1,"East",1,85,"Duke","North Dakota St",62,16
"1090",2019,1,1,"East",2,76,"Michigan St","Bradley",65,15
"1091",2019,1,1,"East",3,79,"LSU","Yale",74,14
"1092",2019,1,1,"East",4,66,"Virginia Tech","St Louis",52,13
"1093",2019,1,1,"East",5,76,"Mississippi St","Liberty",80,12
"1094",2019,1,1,"East",6,79,"Maryland","Belmont",77,11
"1095",2019,1,1,"East",7,76,"Louisville","Minnesota",86,10
"1096",2019,1,1,"East",8,58,"VCU","Central Florida",73,9
"1097",2019,1,2,"West",1,87,"Gonzaga","Fairleigh Dickinson",49,16
"1098",2019,1,2,"West",2,74,"Michigan","Montana",55,15
"1099",2019,1,2,"West",3,72,"Texas Tech","Northern Kentucky",57,14
"1100",2019,1,2,"West",4,76,"Florida St","Vermont",69,13
"1101",2019,1,2,"West",5,64,"Marquette","Murray St",83,12
"1102",2019,1,2,"West",6,91,"Buffalo","Arizona St",74,11
"1103",2019,1,2,"West",7,61,"Nevada","Florida",70,10
"1104",2019,1,2,"West",8,69,"Syracuse","Baylor",78,9
"1105",2019,1,3,"South",1,71,"Virginia","Gardner Webb",56,16
"1106",2019,1,3,"South",2,77,"Tennessee","Colgate",70,15
"1107",2019,1,3,"South",3,61,"Purdue","Old Dominion",48,14
"1108",2019,1,3,"South",4,64,"Kansas St","UC Irvine",70,13
"1109",2019,1,3,"South",5,54,"Wisconsin","Oregon",72,12
"1110",2019,1,3,"South",6,61,"Villanova","St Marys",57,11
"1111",2019,1,3,"South",7,72,"Cincinnati","Iowa",79,10
"1112",2019,1,3,"South",8,72,"Ole Miss","Oklahoma",95,9
"1113",2019,1,4,"Midwest",1,88,"North Carolina","Iona",73,16
"1114",2019,1,4,"Midwest",2,79,"Kentucky","Abilene Christian",44,15
"1115",2019,1,4,"Midwest",3,84,"Houston","Georgia St",55,14
"1116",2019,1,4,"Midwest",4,87,"Kansas","Northeastern",53,13
"1117",2019,1,4,"Midwest",5,78,"Auburn","New Mexico St",77,12
"1118",2019,1,4,"Midwest",6,59,"Iowa St","Ohio St",62,11
"1119",2019,1,4,"Midwest",7,84,"Wofford","Seton Hall",68,10
"1120",2019,1,4,"Midwest",8,61,"Utah St","Washington",78,9
